{
  "duration_s": 3.0,
  "default_angles": [
    -0.312,
    0.0,
    0.0,
    0.669,
    -0.363,
    0.0,
    -0.312,
    0.0,
    0.0,
    0.669,
    -0.363,
    0.0,
    0.0,
    0.0,
    0.0,
    0.2,
    0.2,
    0.0,
    -0.6,
    0.0,
    0.0,
    0.0,
    0.2,
    -0.2,
    0.0,
    -0.6,
    0.0,
    0.0,
    0.0,
    0.0,
    0.0
  ],
  "joint_names": [
    "left_hip_pitch_joint",
    "left_hip_roll_joint",
    "left_hip_yaw_joint",
    "left_knee_joint",
    "left_ankle_pitch_joint",
    "left_ankle_roll_joint",
    "right_hip_pitch_joint",
    "right_hip_roll_joint",
    "right_hip_yaw_joint",
    "right_knee_joint",
    "right_ankle_pitch_joint",
    "right_ankle_roll_joint",
    "waist_yaw_joint",
    "waist_pitch_joint",
    "waist_roll_joint",
    "left_shoulder_pitch_joint",
    "left_shoulder_roll_joint",
    "left_shoulder_yaw_joint",
    "left_elbow_joint",
    "left_wrist_yaw_joint",
    "left_wrist_pitch_joint",
    "left_wrist_roll_joint",
    "right_shoulder_pitch_joint",
    "right_shoulder_roll_joint",
    "right_shoulder_yaw_joint",
    "right_elbow_joint",
    "right_wrist_yaw_joint",
    "right_wrist_pitch_joint",
    "right_wrist_roll_joint",
    "head_yaw_joint",
    "head_pitch_joint"
  ],
  "median_position_rad": [
    -0.22539615631103516,
    -0.015626907348632812,
    -0.05225038528442383,
    0.47869110107421875,
    -0.32050132751464844,
    0.049757957458496094,
    -0.32356929779052734,
    -0.0002875328063964844,
    -0.037102699279785156,
    0.4635434150695801,
    -0.2154254913330078,
    -0.0016298294067382812,
    0.004313945770263672,
    0.042862484468273905,
    -0.00963559947227478,
    0.37131404876708984,
    -0.0470733642578125,
    -0.021763324737548828,
    -1.1756839752197266,
    -0.002972126007080078,
    -0.00209808349609375,
    0.02460479736328125,
    0.3786001205444336,
    0.044963836669921875,
    0.02214670181274414,
    -1.17472505569458,
    -0.002972126007080078,
    -0.00209808349609375,
    -0.01850128173828125,
    0.0001437664031982422,
    0.0
  ],
  "median_effort_nm": [
    -4.542121887207031,
    4.893775939941406,
    1.3186798095703125,
    -3.8388290405273438,
    12.981681823730469,
    -1.9633712768554688,
    21.948715209960938,
    -5.128204345703125,
    3.25274658203125,
    8.996337890625,
    13.098907470703125,
    -0.5567779541015625,
    -0.26373291015625,
    -14.15074661691298,
    2.0292276460605727,
    0.7912063598632812,
    0.8498153686523438,
    0.4981689453125,
    -1.3186798095703125,
    0.20513153076171875,
    0.007816314697265625,
    -0.5235652923583984,
    0.6739959716796875,
    -0.9670333862304688,
    -0.380950927734375,
    -1.2014617919921875,
    0.20513153076171875,
    0.07032966613769531,
    0.33602142333984375,
    0.0032967031002044678,
    0.0
  ],
  "sample_counts": [
    2991,
    2991,
    2991,
    2991,
    2991,
    2991,
    2991,
    2991,
    2991,
    2991,
    2991,
    2991,
    2990,
    2990,
    2990,
    2990,
    2990,
    2990,
    2990,
    2990,
    2990,
    2990,
    2990,
    2990,
    2990,
    2990,
    2990,
    2990,
    2990,
    997,
    997
  ],
  "group_msg_counts": {
    "leg": 2991,
    "waist": 2990,
    "arm": 2990,
    "head": 997
  },
  "imu_topic": "/aima/hal/imu/torso/state",
  "imu_quat_median": [
    0.9987655580043793,
    -0.008510705083608627,
    0.03105858899652958,
    0.03746926039457321
  ],
  "offsets_mj": {
    "0": 0.08660384368896484,
    "2": -0.05225038528442383,
    "3": -0.1903088989257813,
    "4": 0.04249867248535155,
    "5": 0.049757957458496094,
    "8": -0.037102699279785156,
    "9": -0.20545658493041996,
    "10": 0.14757450866699218,
    "13": 0.042862484468273905,
    "15": 0.17131404876708983,
    "16": -0.2470733642578125,
    "17": -0.021763324737548828,
    "18": -0.5756839752197266,
    "21": 0.02460479736328125,
    "22": 0.17860012054443358,
    "23": 0.24496383666992189,
    "24": 0.02214670181274414,
    "25": -0.5747250556945801,
    "28": -0.01850128173828125
  },
  "pelvis_z": null
}
