{
  "duration_s": 5.0,
  "default_angles": [
    -0.312,
    0.0,
    0.0,
    0.669,
    -0.363,
    0.0,
    -0.312,
    0.0,
    0.0,
    0.669,
    -0.363,
    0.0,
    0.0,
    0.0,
    0.0,
    0.2,
    0.2,
    0.0,
    -0.6,
    0.0,
    0.0,
    0.0,
    0.2,
    -0.2,
    0.0,
    -0.6,
    0.0,
    0.0,
    0.0,
    0.0,
    0.0
  ],
  "joint_names": [
    "left_hip_pitch_joint",
    "left_hip_roll_joint",
    "left_hip_yaw_joint",
    "left_knee_joint",
    "left_ankle_pitch_joint",
    "left_ankle_roll_joint",
    "right_hip_pitch_joint",
    "right_hip_roll_joint",
    "right_hip_yaw_joint",
    "right_knee_joint",
    "right_ankle_pitch_joint",
    "right_ankle_roll_joint",
    "waist_yaw_joint",
    "waist_pitch_joint",
    "waist_roll_joint",
    "left_shoulder_pitch_joint",
    "left_shoulder_roll_joint",
    "left_shoulder_yaw_joint",
    "left_elbow_joint",
    "left_wrist_yaw_joint",
    "left_wrist_pitch_joint",
    "left_wrist_roll_joint",
    "right_shoulder_pitch_joint",
    "right_shoulder_roll_joint",
    "right_shoulder_yaw_joint",
    "right_elbow_joint",
    "right_wrist_yaw_joint",
    "right_wrist_pitch_joint",
    "right_wrist_roll_joint",
    "head_yaw_joint",
    "head_pitch_joint"
  ],
  "median_position_rad": [
    -0.7149209976196289,
    -0.030966758728027344,
    -0.023488998413085938,
    1.0798115730285645,
    -0.5496368408203125,
    0.07161664962768555,
    -0.6940202713012695,
    0.026173114776611328,
    -0.011792182922363281,
    1.023630142211914,
    -0.5202999114990234,
    0.02732372283935547,
    0.006039619445800781,
    0.3491,
    0.007007471485076183,
    -0.33028078079223633,
    -0.1256885528564453,
    -0.03173351287841797,
    -0.4426431655883789,
    -0.003547191619873047,
    -0.00133514404296875,
    0.01049041748046875,
    -0.3718891143798828,
    0.12511348724365234,
    0.04822349548339844,
    -0.3887624740600586,
    -0.002780437469482422,
    -0.00247955322265625,
    -0.01926422119140625,
    -0.0001437664031982422,
    0.0
  ],
  "median_effort_nm": [
    -0.08791351318359375,
    -0.02930450439453125,
    0.02930450439453125,
    -0.02930450439453125,
    0.08791351318359375,
    0.02930450439453125,
    0.02930450439453125,
    -0.02930450439453125,
    0.08791351318359375,
    0.08791351318359375,
    -0.02930450439453125,
    0.08791351318359375,
    -0.08791351318359375,
    -3.080357767476505e-05,
    0.12182687385815946,
    -0.08791351318359375,
    -0.08791351318359375,
    0.08791351318359375,
    -0.08791351318359375,
    0.08791351318359375,
    -0.007814407348632812,
    -0.007814407348632812,
    0.02930450439453125,
    -0.08791351318359375,
    0.02930450439453125,
    0.02930450439453125,
    0.08791351318359375,
    0.007814407348632812,
    -0.007814407348632812,
    0.0001221001148223877,
    0.0
  ],
  "sample_counts": [
    4993,
    4993,
    4993,
    4993,
    4993,
    4993,
    4993,
    4993,
    4993,
    4993,
    4993,
    4993,
    4993,
    4993,
    4993,
    4993,
    4993,
    4993,
    4993,
    4993,
    4993,
    4993,
    4993,
    4993,
    4993,
    4993,
    4993,
    4993,
    4993,
    1666,
    1666
  ],
  "group_msg_counts": {
    "leg": 4993,
    "waist": 4993,
    "arm": 4993,
    "head": 1666
  },
  "imu_topic": "/aima/hal/imu/torso/state",
  "imu_quat_median": [
    0.9938225746154785,
    -0.02416967134922743,
    0.08536970615386963,
    0.06667134910821915
  ],
  "offsets_mj": {
    "0": -0.4029209976196289,
    "1": -0.030966758728027344,
    "2": -0.023488998413085938,
    "3": 0.4108115730285644,
    "4": -0.1866368408203125,
    "5": 0.07161664962768555,
    "6": -0.38202027130126953,
    "7": 0.026173114776611328,
    "9": 0.354630142211914,
    "10": -0.15729991149902345,
    "11": 0.02732372283935547,
    "13": 0.3491,
    "15": -0.5302807807922363,
    "16": -0.3256885528564453,
    "17": -0.03173351287841797,
    "18": 0.15735683441162107,
    "22": -0.5718891143798828,
    "23": 0.32511348724365235,
    "24": 0.04822349548339844,
    "25": 0.21123752593994138,
    "28": -0.01926422119140625
  },
  "pelvis_z": null
}
