{
  "duration_s": 3.0,
  "default_angles": [
    -0.312,
    0.0,
    0.0,
    0.669,
    -0.363,
    0.0,
    -0.312,
    0.0,
    0.0,
    0.669,
    -0.363,
    0.0,
    0.0,
    0.0,
    0.0,
    0.2,
    0.2,
    0.0,
    -0.6,
    0.0,
    0.0,
    0.0,
    0.2,
    -0.2,
    0.0,
    -0.6,
    0.0,
    0.0,
    0.0,
    0.0,
    0.0
  ],
  "joint_names": [
    "left_hip_pitch_joint",
    "left_hip_roll_joint",
    "left_hip_yaw_joint",
    "left_knee_joint",
    "left_ankle_pitch_joint",
    "left_ankle_roll_joint",
    "right_hip_pitch_joint",
    "right_hip_roll_joint",
    "right_hip_yaw_joint",
    "right_knee_joint",
    "right_ankle_pitch_joint",
    "right_ankle_roll_joint",
    "waist_yaw_joint",
    "waist_pitch_joint",
    "waist_roll_joint",
    "left_shoulder_pitch_joint",
    "left_shoulder_roll_joint",
    "left_shoulder_yaw_joint",
    "left_elbow_joint",
    "left_wrist_yaw_joint",
    "left_wrist_pitch_joint",
    "left_wrist_roll_joint",
    "right_shoulder_pitch_joint",
    "right_shoulder_roll_joint",
    "right_shoulder_yaw_joint",
    "right_elbow_joint",
    "right_wrist_yaw_joint",
    "right_wrist_pitch_joint",
    "right_wrist_roll_joint",
    "head_yaw_joint",
    "head_pitch_joint"
  ],
  "median_position_rad": [
    -0.2892470359802246,
    -0.03020000457763672,
    -0.0369110107421875,
    0.4988241195678711,
    -0.29308176040649414,
    0.062029361724853516,
    -0.27448272705078125,
    0.012558937072753906,
    -0.0046977996826171875,
    0.46277618408203125,
    -0.27812623977661133,
    0.018120288848876953,
    -0.015435218811035156,
    -0.02906384350031544,
    -0.003095692142082919,
    0.3874201774597168,
    -0.04803180694580078,
    -0.02214670181274414,
    -1.1743416786193848,
    -0.002972126007080078,
    -0.00133514404296875,
    0.01049041748046875,
    0.38588619232177734,
    0.048032283782958984,
    0.02214670181274414,
    -1.1737666130065918,
    -0.0025882720947265625,
    -0.00209808349609375,
    -0.01850128173828125,
    4.792213439941406e-05,
    0.0
  ],
  "median_effort_nm": [
    3.0183181762695312,
    7.531135559082031,
    0.3223419189453125,
    -3.7802200317382812,
    11.809524536132812,
    -2.1977996826171875,
    7.706962585449219,
    -5.24542236328125,
    -0.20513153076171875,
    -0.08791351318359375,
    11.340652465820312,
    -0.20513153076171875,
    0.4981689453125,
    -8.796988849986334,
    1.5171781188839377,
    0.3223419189453125,
    0.9084243774414062,
    0.4981689453125,
    -1.377288818359375,
    0.20513153076171875,
    -0.007814407348632812,
    -0.2422466278076172,
    0.4981689453125,
    -1.0256423950195312,
    -0.380950927734375,
    -1.2014617919921875,
    0.20513153076171875,
    0.07032966613769531,
    0.33602142333984375,
    0.0030525028705596924,
    0.0
  ],
  "sample_counts": [
    2963,
    2963,
    2963,
    2963,
    2963,
    2963,
    2963,
    2963,
    2963,
    2963,
    2963,
    2963,
    2961,
    2961,
    2961,
    2959,
    2959,
    2959,
    2959,
    2959,
    2959,
    2959,
    2959,
    2959,
    2959,
    2959,
    2959,
    2959,
    2959,
    988,
    988
  ],
  "group_msg_counts": {
    "leg": 2963,
    "waist": 2961,
    "arm": 2959,
    "head": 988
  },
  "imu_topic": "/aima/hal/imu/torso/state",
  "imu_quat_median": [
    0.9967290759086609,
    -0.008854179177433252,
    0.03877697139978409,
    0.07046835497021675
  ],
  "offsets_mj": {
    "0": 0.02275296401977539,
    "1": -0.03020000457763672,
    "2": -0.0369110107421875,
    "3": -0.17017588043212895,
    "4": 0.06991823959350585,
    "5": 0.062029361724853516,
    "6": 0.03751727294921875,
    "9": -0.2062238159179688,
    "10": 0.08487376022338866,
    "11": 0.018120288848876953,
    "13": -0.02906384350031544,
    "15": 0.18742017745971679,
    "16": -0.2480318069458008,
    "17": -0.02214670181274414,
    "18": -0.5743416786193848,
    "22": 0.18588619232177733,
    "23": 0.248032283782959,
    "24": 0.02214670181274414,
    "25": -0.5737666130065918,
    "28": -0.01850128173828125
  },
  "pelvis_z": null
}
