{
  "duration_s": 3.0,
  "default_angles": [
    -0.312,
    0.0,
    0.0,
    0.669,
    -0.363,
    0.0,
    -0.312,
    0.0,
    0.0,
    0.669,
    -0.363,
    0.0,
    0.0,
    0.0,
    0.0,
    0.2,
    0.2,
    0.0,
    -0.6,
    0.0,
    0.0,
    0.0,
    0.2,
    -0.2,
    0.0,
    -0.6,
    0.0,
    0.0,
    0.0,
    0.0,
    0.0
  ],
  "joint_names": [
    "left_hip_pitch_joint",
    "left_hip_roll_joint",
    "left_hip_yaw_joint",
    "left_knee_joint",
    "left_ankle_pitch_joint",
    "left_ankle_roll_joint",
    "right_hip_pitch_joint",
    "right_hip_roll_joint",
    "right_hip_yaw_joint",
    "right_knee_joint",
    "right_ankle_pitch_joint",
    "right_ankle_roll_joint",
    "waist_yaw_joint",
    "waist_pitch_joint",
    "waist_roll_joint",
    "left_shoulder_pitch_joint",
    "left_shoulder_roll_joint",
    "left_shoulder_yaw_joint",
    "left_elbow_joint",
    "left_wrist_yaw_joint",
    "left_wrist_pitch_joint",
    "left_wrist_roll_joint",
    "right_shoulder_pitch_joint",
    "right_shoulder_roll_joint",
    "right_shoulder_yaw_joint",
    "right_elbow_joint",
    "right_wrist_yaw_joint",
    "right_wrist_pitch_joint",
    "right_wrist_roll_joint",
    "head_yaw_joint",
    "head_pitch_joint"
  ],
  "median_position_rad": [
    -0.46680307388305664,
    -0.0031638145446777344,
    -0.06567239761352539,
    0.7998638153076172,
    -0.47869110107421875,
    0.05876970291137695,
    -0.4779238700866699,
    -0.02003765106201172,
    0.08273792266845703,
    0.6767635345458984,
    -0.35885047912597656,
    0.09999465942382812,
    0.10900735855102539,
    0.3491,
    0.016310490072990576,
    -0.5086030960083008,
    -0.12549686431884766,
    -0.03748607635498047,
    -0.07794427871704102,
    -0.20602989196777344,
    -0.12684059143066406,
    0.02574920654296875,
    -0.43708229064941406,
    0.12492179870605469,
    0.0833134651184082,
    -0.2062215805053711,
    -0.04592323303222656,
    -0.00286102294921875,
    -0.043679237365722656,
    -0.004362344741821289,
    0.0
  ],
  "median_effort_nm": [
    -0.02930450439453125,
    -0.08791351318359375,
    0.08791351318359375,
    -0.02930450439453125,
    0.02930450439453125,
    0.02930450439453125,
    0.02930450439453125,
    -0.02930450439453125,
    0.02930450439453125,
    0.08791351318359375,
    -0.08791351318359375,
    0.08791351318359375,
    -0.02930450439453125,
    -7.090923681105088e-05,
    0.12190684797624335,
    -0.02930450439453125,
    -0.08791351318359375,
    0.08791351318359375,
    -0.02930450439453125,
    0.02930450439453125,
    -0.007814407348632812,
    -0.007814407348632812,
    0.02930450439453125,
    -0.08791351318359375,
    0.08791351318359375,
    0.08791351318359375,
    0.08791351318359375,
    0.007814407348632812,
    -0.007814407348632812,
    -0.0001221299171447754,
    0.0
  ],
  "sample_counts": [
    2988,
    2988,
    2988,
    2988,
    2988,
    2988,
    2988,
    2988,
    2988,
    2988,
    2988,
    2988,
    2986,
    2986,
    2986,
    2983,
    2983,
    2983,
    2983,
    2983,
    2983,
    2983,
    2983,
    2983,
    2983,
    2983,
    2983,
    2983,
    2983,
    997,
    997
  ],
  "group_msg_counts": {
    "leg": 2988,
    "waist": 2986,
    "arm": 2983,
    "head": 997
  },
  "imu_topic": "/aima/hal/imu/torso/state",
  "imu_quat_median": [
    -0.9954689145088196,
    0.01955738477408886,
    -0.06945177167654037,
    0.061935905367136
  ],
  "offsets_mj": {
    "0": -0.15480307388305664,
    "3": 0.13086381530761715,
    "4": -0.11569110107421876,
    "6": -0.16592387008666992,
    "11": 0.09999465942382812,
    "12": 0.10900735855102539,
    "13": 0.3491,
    "15": -0.7086030960083007,
    "16": -0.32549686431884767,
    "18": 0.522055721282959,
    "19": -0.20602989196777344,
    "20": -0.12684059143066406,
    "22": -0.637082290649414,
    "23": 0.3249217987060547,
    "25": 0.3937784194946289
  },
  "pelvis_z": null
}
